{"stats":{"minecraft:picked_up":{"minecraft:birch_log":6,"minecraft:crafting_table":1,"minecraft:wheat":1,"minecraft:clay_ball":80,"minecraft:water_bucket":1,"minecraft:salmon":3,"minecraft:green_concrete_powder":17,"minecraft:oak_stairs":2,"tombstone:grave_key":1,"minecraft:dirt":22,"minecraft:cooked_mutton":1,"minecraft:item_frame":2,"minecraft:experience_bottle":7,"minecraft:wheat_seeds":7,"apocalypsenow:human_flesh":1,"thirst:terracotta_water_bowl":6,"minecraft:spruce_planks":4,"minecraft:spruce_slab":2,"minecraft:birch_sapling":3,"biomesoplenty:redwood_wood":18,"tombstone:tablet_of_assistance":1,"minecraft:coal_block":27,"terramity:music_sheet_of_untimely_death":1,"minecraft:egg":1,"minecraft:book":1,"minecraft:scaffolding":58,"minecraft:raw_iron":2,"minecraft:torch":7,"apocalypsenow:hazmat_suit_helmet":1,"minecraft:gravel":19,"minecraft:sand":36,"minecraft:cookie":4,"minecraft:brown_concrete_powder":15,"minecraft:diorite":4,"thirst:terracotta_bowl":23,"minecraft:spruce_log":2,"naturalist:cooked_bass":1,"minecraft:granite":3,"minecraft:bread":52,"minecraft:emerald":4,"minecraft:cod":3,"minecraft:coal":11,"minecraft:white_wool":4,"minecraft:cobblestone":66},"minecraft:used":{"minecraft:water_bucket":3,"minecraft:iron_shovel":101,"minecraft:stone_pickaxe":43,"minecraft:spruce_slab":2,"minecraft:stone_shovel":14,"minecraft:wooden_pickaxe":18,"minecraft:dirt":1,"minecraft:crafting_table":3,"minecraft:granite":1,"thirst:terracotta_water_bowl":7,"apocalypsenow:makeshiftfishingrod":5,"apocalypsenow:baseball_bat":1,"minecraft:bread":7,"apocalypsenow:sledgehammerr":3,"minecraft:iron_axe":27,"tombstone:tablet_of_assistance":1,"minecraft:iron_pickaxe":108,"minecraft:suspicious_stew":3,"minecraft:item_frame":1,"apocalypsenow:harpoon":18,"minecraft:cobblestone":2,"minecraft:bucket":3,"tombstone:gift":2,"minecraft:egg":1},"minecraft:custom":{"minecraft:interact_with_furnace":9,"minecraft:mob_kills":1,"minecraft:interact_with_crafting_table":29,"minecraft:open_barrel":49,"minecraft:leave_game":14,"minecraft:time_since_death":2357,"minecraft:sleep_in_bed":5,"minecraft:climb_one_cm":1913,"minecraft:time_since_rest":2211,"minecraft:sprint_one_cm":142614,"minecraft:damage_absorbed":990,"minecraft:damage_taken":1892,"minecraft:walk_one_cm":168473,"minecraft:drop":236,"minecraft:damage_dealt":368,"minecraft:damage_dealt_absorbed":45,"minecraft:swim_one_cm":38379,"minecraft:talked_to_villager":11,"minecraft:open_chest":84,"minecraft:fly_one_cm":72901,"minecraft:crouch_one_cm":1460,"minecraft:play_time":108025,"tombstone:undead_killed":1,"minecraft:deaths":7,"minecraft:sneak_time":1109,"minecraft:walk_under_water_one_cm":57690,"minecraft:boat_one_cm":329614,"minecraft:jump":543,"minecraft:walk_on_water_one_cm":44771,"minecraft:total_world_time":108025,"minecraft:interact_with_smoker":1,"minecraft:fish_caught":1,"minecraft:fall_one_cm":14700},"minecraft:crafted":{"minecraft:wooden_sword":1,"minecraft:stone_shovel":1,"minecraft:crafting_table":3,"thirst:clay_bowl":56,"minecraft:spruce_planks":8,"biomesoplenty:redwood_planks":72,"minecraft:wooden_pickaxe":1,"minecraft:iron_sword":1,"minecraft:birch_planks":24,"minecraft:stone_axe":1,"minecraft:shield":1,"minecraft:stick":76,"minecraft:iron_pickaxe":1,"minecraft:stone_pickaxe":1,"minecraft:wooden_axe":1,"minecraft:stone_sword":1,"minecraft:iron_shovel":1,"thirst:terracotta_bowl":11},"minecraft:mined":{"minecraft:scaffolding":44,"minecraft:clay":22,"minecraft:crafting_table":1,"minecraft:granite":3,"minecraft:grass_block":12,"minecraft:green_concrete_powder":20,"minecraft:coal_block":27,"minecraft:tall_grass":1,"minecraft:cobblestone":1,"biomesoplenty:sprout":1,"minecraft:diorite":4,"biomesoplenty:dune_grass":10,"minecraft:large_fern":2,"minecraft:brown_concrete_powder":16,"minecraft:birch_log":6,"minecraft:iron_ore":2,"minecraft:spruce_log":3,"minecraft:birch_leaves":5,"biomesoplenty:sea_oats":11,"minecraft:grass":5,"minecraft:coal_ore":11,"minecraft:dirt_path":2,"minecraft:gravel":22,"minecraft:sand":50,"minecraft:dirt":9,"minecraft:stone":70,"minecraft:white_wool":2,"biomesoplenty:redwood_wood":20,"minecraft:spruce_slab":1},"minecraft:dropped":{"apocalypsenow:yellow_football_armor_chestplate":1,"minecraft:water_bucket":1,"minecraft:bread":52,"apocalypsenow:contamination_suit_white_helmet":1,"minecraft:wheat_seeds":2,"minecraft:stone_sword":14,"apocalypsenow:hazmat_suit_helmet":1,"minecraft:bowl":3,"minecraft:cookie":4,"minecraft:cobblestone":67,"tombstone:tablet_of_assistance":1,"minecraft:granite":19,"minecraft:mushroom_stew":1,"minecraft:item_frame":1,"minecraft:dirt":29,"minecraft:spruce_planks":8,"tombstone:grave_key":5,"thirst:clay_bowl":56,"minecraft:leather_leggings":1,"minecraft:iron_leggings":1,"thirst:terracotta_bowl":1,"minecraft:sand":52,"apocalypsenow:contamination_suit_green_leggings":1},"minecraft:killed":{"minecraft:drowned":1}},"DataVersion":3465}