{"stats":{"minecraft:picked_up":{"minecraft:birch_log":6,"minecraft:granite":2,"minecraft:birch_sapling":3,"minecraft:dirt":18,"minecraft:cobblestone":43},"minecraft:used":{"minecraft:dirt":1,"minecraft:cobblestone":2,"minecraft:crafting_table":1,"minecraft:stone_pickaxe":28,"tombstone:gift":2,"minecraft:wooden_pickaxe":18},"minecraft:custom":{"minecraft:time_since_rest":7997,"minecraft:crouch_one_cm":366,"minecraft:sprint_one_cm":1827,"minecraft:play_time":13210,"minecraft:deaths":1,"minecraft:damage_taken":240,"minecraft:walk_one_cm":20991,"minecraft:sneak_time":346,"minecraft:walk_under_water_one_cm":1827,"minecraft:jump":26,"minecraft:leave_game":1,"minecraft:time_since_death":10333,"minecraft:total_world_time":13210,"minecraft:interact_with_crafting_table":4,"minecraft:fly_one_cm":1682},"minecraft:crafted":{"minecraft:stone_sword":1,"minecraft:wooden_sword":1,"minecraft:birch_planks":24,"minecraft:stone_axe":1,"minecraft:crafting_table":1,"minecraft:stick":12,"minecraft:wooden_pickaxe":1,"minecraft:stone_pickaxe":1,"minecraft:wooden_axe":1},"minecraft:mined":{"minecraft:grass":1,"minecraft:grass_block":11,"minecraft:dirt":7,"minecraft:birch_log":6,"minecraft:cobblestone":1,"minecraft:stone":42,"minecraft:granite":2}},"DataVersion":3465}