{"stats":{"minecraft:picked_up":{"minecraft:birch_log":6,"minecraft:clay_ball":44,"minecraft:sand":9,"minecraft:dirt":19,"minecraft:granite":3,"minecraft:birch_sapling":3,"minecraft:cobblestone":51},"minecraft:used":{"minecraft:stone_shovel":14,"minecraft:stone_pickaxe":43,"minecraft:wooden_pickaxe":18,"minecraft:dirt":1,"minecraft:cobblestone":2,"minecraft:crafting_table":1,"tombstone:gift":2,"minecraft:granite":1},"minecraft:custom":{"minecraft:time_since_rest":18960,"minecraft:sprint_one_cm":2647,"minecraft:damage_taken":240,"minecraft:walk_one_cm":36298,"minecraft:interact_with_crafting_table":22,"minecraft:swim_one_cm":587,"minecraft:fly_one_cm":1907,"minecraft:crouch_one_cm":608,"minecraft:play_time":24173,"minecraft:deaths":1,"minecraft:sneak_time":442,"minecraft:walk_under_water_one_cm":5323,"minecraft:jump":78,"minecraft:leave_game":2,"minecraft:time_since_death":21296,"minecraft:walk_on_water_one_cm":2140,"minecraft:total_world_time":24173,"minecraft:fall_one_cm":418},"minecraft:crafted":{"minecraft:wooden_sword":1,"minecraft:stone_shovel":1,"minecraft:crafting_table":1,"thirst:clay_bowl":40,"minecraft:stick":12,"minecraft:wooden_pickaxe":1,"minecraft:stone_pickaxe":1,"minecraft:wooden_axe":1,"minecraft:stone_sword":1,"minecraft:birch_planks":24,"minecraft:stone_axe":1},"minecraft:mined":{"minecraft:birch_log":6,"minecraft:clay":12,"minecraft:granite":3,"minecraft:grass":1,"minecraft:grass_block":11,"minecraft:sand":13,"minecraft:dirt":8,"minecraft:cobblestone":1,"minecraft:stone":55}},"DataVersion":3465}