{"stats":{"minecraft:picked_up":{"minecraft:birch_log":6,"minecraft:clay_ball":44,"minecraft:sand":9,"thirst:terracotta_bowl":18,"naturalist:cooked_bass":1,"minecraft:dirt":19,"minecraft:granite":3,"minecraft:birch_sapling":3,"minecraft:cobblestone":51,"minecraft:egg":1},"minecraft:used":{"minecraft:stone_shovel":14,"minecraft:stone_pickaxe":43,"minecraft:wooden_pickaxe":18,"minecraft:dirt":1,"minecraft:cobblestone":2,"minecraft:crafting_table":1,"tombstone:gift":2,"minecraft:egg":1,"minecraft:granite":1},"minecraft:custom":{"minecraft:time_since_rest":1,"minecraft:sprint_one_cm":9612,"minecraft:damage_absorbed":445,"minecraft:damage_taken":695,"minecraft:walk_one_cm":40459,"minecraft:drop":213,"minecraft:swim_one_cm":587,"minecraft:interact_with_crafting_table":22,"minecraft:fly_one_cm":5903,"minecraft:crouch_one_cm":610,"minecraft:play_time":34072,"minecraft:deaths":3,"minecraft:sneak_time":454,"minecraft:walk_under_water_one_cm":7676,"minecraft:jump":97,"minecraft:leave_game":4,"minecraft:walk_on_water_one_cm":2140,"minecraft:time_since_death":2324,"minecraft:total_world_time":34072,"minecraft:fall_one_cm":4688},"minecraft:crafted":{"minecraft:wooden_sword":1,"minecraft:stone_shovel":1,"minecraft:crafting_table":1,"thirst:clay_bowl":40,"minecraft:stick":12,"minecraft:wooden_pickaxe":1,"minecraft:stone_pickaxe":1,"minecraft:wooden_axe":1,"minecraft:stone_sword":1,"minecraft:birch_planks":24,"minecraft:stone_axe":1},"minecraft:mined":{"minecraft:birch_log":6,"minecraft:birch_leaves":5,"minecraft:clay":12,"minecraft:granite":3,"minecraft:grass":4,"minecraft:grass_block":11,"minecraft:sand":13,"minecraft:dirt":8,"minecraft:cobblestone":1,"minecraft:stone":55},"minecraft:dropped":{"minecraft:dirt":29,"minecraft:stone_sword":14,"tombstone:grave_key":3,"thirst:clay_bowl":56,"minecraft:cobblestone":67,"minecraft:sand":25,"minecraft:granite":19}},"DataVersion":3465}