{"stats":{"minecraft:picked_up":{"minecraft:birch_log":13,"minecraft:crafting_table":4,"minecraft:clay_ball":29,"minecraft:dark_oak_boat":1,"minecraft:dirt":7,"naturalist:bass":5,"minecraft:spruce_slab":1,"minecraft:birch_sapling":1,"minecraft:furnace":2,"minecraft:dark_oak_door":1,"ecologics:coconut_slice":2,"minecraft:dandelion":1,"minecraft:gravel":1,"pointblank:gunmetal_nugget":3,"minecraft:sand":1,"tombstone:grave_dust":2,"thirst:terracotta_bowl":2,"minecraft:dark_oak_log":14,"minecraft:dark_oak_planks":12,"minecraft:rotten_flesh":3,"minecraft:coal":18,"exoticbirds:raw_birdmeat":5,"minecraft:cobblestone":24},"minecraft:custom":{"minecraft:interact_with_furnace":25,"minecraft:mob_kills":10,"minecraft:interact_with_crafting_table":9,"minecraft:leave_game":3,"minecraft:time_since_death":42245,"minecraft:time_since_rest":41495,"minecraft:sprint_one_cm":54602,"minecraft:damage_absorbed":157,"minecraft:damage_taken":903,"minecraft:walk_one_cm":42690,"minecraft:drop":24,"minecraft:damage_dealt":1026,"minecraft:swim_one_cm":28366,"minecraft:fly_one_cm":87959,"minecraft:open_chest":1,"minecraft:crouch_one_cm":359,"minecraft:play_time":56927,"tombstone:undead_killed":2,"minecraft:deaths":3,"minecraft:sneak_time":1049,"minecraft:walk_under_water_one_cm":15285,"minecraft:boat_one_cm":130960,"minecraft:jump":469,"minecraft:walk_on_water_one_cm":12951,"minecraft:total_world_time":56927,"minecraft:fall_one_cm":13566},"minecraft:used":{"naturalist:bass":2,"minecraft:stone_sword":22,"minecraft:stone_pickaxe":24,"minecraft:wooden_pickaxe":20,"minecraft:dirt":5,"minecraft:crafting_table":3,"naturalist:cooked_bass":2,"minecraft:dark_oak_door":1,"thirst:terracotta_water_bowl":5,"minecraft:wooden_axe":5,"minecraft:dark_oak_planks":15,"minecraft:birch_sapling":1,"minecraft:stone_axe":13,"ecologics:coconut_slice":2,"minecraft:wooden_sword":17,"minecraft:dark_oak_boat":2,"minecraft:furnace":2,"minecraft:birch_log":3,"tombstone:gift":2},"minecraft:crafted":{"minecraft:wooden_sword":1,"minecraft:dark_oak_boat":1,"minecraft:crafting_table":1,"thirst:clay_bowl":36,"minecraft:wooden_pickaxe":1,"minecraft:furnace":2,"minecraft:birch_planks":24,"minecraft:stone_axe":1,"naturalist:cooked_bass":3,"minecraft:dark_oak_door":3,"minecraft:stick":16,"minecraft:stone_pickaxe":1,"minecraft:wooden_axe":1,"minecraft:stone_sword":1,"minecraft:dark_oak_planks":56,"thirst:terracotta_bowl":36},"minecraft:killed_by":{"minecraft:zombie":1,"minecraft:drowned":2},"minecraft:dropped":{"minecraft:gravel":1,"minecraft:dark_oak_door":3,"minecraft:rotten_flesh":3,"terramity:music_sheet_of_oceanus":1,"minecraft:clay_ball":2,"naturalist:cooked_bass":1,"pointblank:gunmetal_nugget":3,"terramity:music_sheet_of_storms":1,"minecraft:dirt":2,"tombstone:grave_key":3,"minecraft:wooden_axe":1,"ecologics:coconut_husk":2,"tombstone:grave_dust":3,"thirst:terracotta_bowl":18,"minecraft:wooden_sword":1,"minecraft:spruce_slab":1,"minecraft:sand":1,"minecraft:wooden_pickaxe":1},"minecraft:mined":{"minecraft:dark_oak_planks":12,"minecraft:dark_oak_log":14,"minecraft:dandelion":1,"minecraft:clay":7,"minecraft:crafting_table":4,"minecraft:grass_block":2,"minecraft:furnace":2,"minecraft:dark_oak_door":1,"minecraft:birch_log":14,"minecraft:birch_leaves":3,"minecraft:grass":1,"minecraft:coal_ore":18,"minecraft:dirt":5,"minecraft:gravel":1,"minecraft:sand":1,"minecraft:stone":24,"minecraft:spruce_slab":1},"minecraft:killed":{"exoticbirds:pelican":3,"minecraft:zombie":2,"naturalist:bass":5}},"DataVersion":3465}