{"stats":{"minecraft:picked_up":{"minecraft:birch_log":13,"minecraft:charcoal":2,"minecraft:crafting_table":4,"minecraft:clay_ball":29,"minecraft:dark_oak_boat":2,"minecraft:deepslate_tile_slab":1,"minecraft:dirt":7,"naturalist:bass":5,"minecraft:wheat_seeds":3,"minecraft:spruce_planks":1,"minecraft:spruce_slab":1,"minecraft:birch_sapling":1,"minecraft:furnace":5,"minecraft:dark_oak_door":1,"minecraft:oak_slab":1,"minecraft:pumpkin":2,"ecologics:coconut_slice":2,"minecraft:torch":2,"minecraft:dandelion":1,"minecraft:gravel":1,"pointblank:gunmetal_nugget":3,"minecraft:sand":1,"tombstone:grave_dust":2,"thirst:terracotta_bowl":5,"minecraft:cyan_bed":4,"minecraft:dark_oak_log":14,"minecraft:dark_oak_planks":12,"minecraft:rotten_flesh":3,"minecraft:hay_block":11,"minecraft:iron_bars":3,"minecraft:coal":18,"exoticbirds:raw_birdmeat":5,"minecraft:cobblestone":24},"minecraft:custom":{"minecraft:interact_with_furnace":28,"minecraft:mob_kills":10,"minecraft:play_record":1,"minecraft:interact_with_crafting_table":11,"minecraft:open_barrel":2,"minecraft:leave_game":3,"minecraft:time_since_death":10708,"minecraft:climb_one_cm":315,"minecraft:time_since_rest":10385,"minecraft:sprint_one_cm":83512,"minecraft:damage_absorbed":214,"minecraft:damage_taken":1081,"minecraft:walk_one_cm":62521,"minecraft:drop":29,"minecraft:damage_dealt":1026,"minecraft:swim_one_cm":30934,"minecraft:fly_one_cm":135297,"minecraft:open_chest":8,"minecraft:crouch_one_cm":1060,"minecraft:play_time":68927,"tombstone:undead_killed":2,"minecraft:deaths":4,"minecraft:sneak_time":1367,"minecraft:walk_under_water_one_cm":15512,"minecraft:boat_one_cm":169896,"minecraft:jump":658,"minecraft:walk_on_water_one_cm":16102,"minecraft:total_world_time":68927,"minecraft:fall_one_cm":18081},"minecraft:used":{"naturalist:bass":2,"minecraft:water_bucket":3,"minecraft:stone_sword":22,"minecraft:stone_pickaxe":34,"minecraft:wooden_pickaxe":20,"minecraft:dirt":5,"minecraft:crafting_table":3,"naturalist:cooked_bass":2,"minecraft:dark_oak_door":1,"thirst:terracotta_water_bowl":8,"minecraft:wooden_axe":5,"minecraft:dark_oak_planks":35,"minecraft:cyan_bed":2,"minecraft:birch_sapling":1,"minecraft:music_disc_blocks":1,"minecraft:stone_axe":29,"ecologics:coconut_slice":2,"minecraft:wooden_sword":17,"minecraft:dark_oak_boat":3,"minecraft:furnace":3,"minecraft:bucket":3,"minecraft:birch_log":3,"tombstone:gift":2,"minecraft:cooked_beef":1},"minecraft:crafted":{"minecraft:wooden_sword":1,"minecraft:dark_oak_boat":1,"minecraft:crafting_table":1,"thirst:clay_bowl":36,"minecraft:wooden_pickaxe":1,"minecraft:furnace":2,"minecraft:birch_planks":24,"minecraft:stone_axe":1,"naturalist:cooked_bass":3,"minecraft:air":0,"minecraft:dark_oak_door":3,"minecraft:stick":16,"minecraft:iron_ingot":2,"minecraft:stone_pickaxe":1,"minecraft:wooden_axe":1,"minecraft:stone_sword":1,"exoticbirds:cooked_birdmeat":5,"minecraft:dark_oak_planks":56,"thirst:terracotta_bowl":36},"minecraft:killed_by":{"minecraft:zombie":1,"minecraft:drowned":2},"minecraft:dropped":{"minecraft:gravel":1,"minecraft:dark_oak_door":3,"minecraft:oak_slab":1,"minecraft:rotten_flesh":3,"terramity:music_sheet_of_oceanus":1,"minecraft:clay_ball":2,"naturalist:cooked_bass":1,"pointblank:gunmetal_nugget":3,"terramity:music_sheet_of_storms":1,"minecraft:dirt":2,"tombstone:grave_key":3,"minecraft:wooden_axe":1,"minecraft:pumpkin":1,"ecologics:coconut_husk":2,"tombstone:grave_dust":3,"thirst:terracotta_bowl":18,"minecraft:wooden_sword":1,"minecraft:spruce_slab":1,"minecraft:iron_bars":3,"minecraft:sand":1,"minecraft:wooden_pickaxe":1},"minecraft:mined":{"minecraft:dark_oak_planks":12,"minecraft:oak_slab":1,"minecraft:spruce_planks":1,"minecraft:deepslate_tile_slab":1,"minecraft:dark_oak_log":14,"minecraft:dandelion":1,"minecraft:clay":7,"minecraft:crafting_table":4,"minecraft:spruce_trapdoor":1,"minecraft:ladder":1,"minecraft:grass_block":2,"minecraft:campfire":1,"minecraft:cyan_bed":4,"minecraft:wall_torch":2,"minecraft:hay_block":11,"minecraft:furnace":5,"minecraft:dark_oak_door":1,"minecraft:birch_log":14,"minecraft:birch_leaves":3,"minecraft:pumpkin":1,"minecraft:grass":1,"minecraft:coal_ore":18,"minecraft:iron_bars":1,"minecraft:dirt":5,"minecraft:gravel":1,"minecraft:sand":1,"minecraft:stone":24,"minecraft:spruce_slab":1},"minecraft:killed":{"exoticbirds:pelican":3,"minecraft:zombie":2,"naturalist:bass":5}},"DataVersion":3465}