{"stats":{"minecraft:mined":{"minecraft:birch_log":9,"minecraft:birch_leaves":1},"minecraft:custom":{"minecraft:jump":137,"minecraft:damage_taken":230,"minecraft:leave_game":3,"minecraft:play_time":6126,"minecraft:sprint_one_cm":19440,"minecraft:time_since_death":6126,"minecraft:walk_on_water_one_cm":830,"minecraft:walk_one_cm":4175,"minecraft:total_world_time":6126,"minecraft:walk_under_water_one_cm":60,"minecraft:swim_one_cm":1852,"minecraft:fall_one_cm":5869,"minecraft:fly_one_cm":15270,"minecraft:time_since_rest":6126},"minecraft:crafted":{"minecraft:birch_planks":24},"minecraft:picked_up":{"minecraft:birch_log":9},"minecraft:used":{"minecraft:birch_log":3}},"DataVersion":3465}