{"stats":{"minecraft:picked_up":{"minecraft:charcoal":2,"minecraft:crafting_table":7,"minecraft:clay_ball":29,"biomesoplenty:red_maple_sapling":1,"minecraft:oak_stairs":3,"minecraft:enchanted_book":1,"minecraft:cracked_stone_bricks":1,"minecraft:spruce_planks":4,"valhelsia_structures:doused_torch":1,"minecraft:spruce_slab":1,"minecraft:coal_block":3,"minecraft:birch_sapling":1,"minecraft:furnace":5,"minecraft:dark_oak_door":1,"ecologics:coconut_slice":2,"minecraft:torch":2,"minecraft:bowl":1,"pointblank:gunmetal_nugget":3,"tombstone:grave_dust":2,"minecraft:dark_oak_planks":12,"minecraft:rotten_flesh":7,"apocalypsenow:switch_knife":1,"minecraft:hay_block":15,"terramity:spiteful_soul":2,"minecraft:iron_bars":5,"exoticbirds:raw_birdmeat":5,"minecraft:white_wool":15,"minecraft:cobblestone":44,"minecraft:birch_log":13,"minecraft:leather_chestplate":1,"minecraft:andesite":4,"minecraft:dark_oak_boat":5,"intensehorror:mothman_eyes":2,"minecraft:deepslate_tile_slab":1,"minecraft:dirt":8,"naturalist:bass":5,"minecraft:coast_armor_trim_smithing_template":2,"minecraft:stone_bricks":1,"minecraft:kelp":1,"minecraft:wheat_seeds":3,"tombstone:receptacle_of_familiar":1,"minecraft:iron_ingot":3,"minecraft:stone_pickaxe":1,"minecraft:oak_planks":8,"minecraft:oak_slab":2,"minecraft:pumpkin":3,"minecraft:dandelion":1,"minecraft:gravel":1,"minecraft:sand":1,"thirst:terracotta_bowl":26,"minecraft:spruce_log":1,"minecraft:cyan_bed":6,"minecraft:dark_oak_log":14,"minecraft:coal":18},"minecraft:mined":{"minecraft:dark_oak_planks":12,"minecraft:spruce_planks":4,"minecraft:dark_oak_log":14,"minecraft:spruce_trapdoor":1,"minecraft:ladder":1,"minecraft:grass_block":11,"minecraft:coal_block":3,"minecraft:hay_block":11,"minecraft:furnace":5,"minecraft:andesite":4,"minecraft:pumpkin":1,"minecraft:oak_stairs":2,"minecraft:iron_bars":3,"minecraft:stone":44,"minecraft:white_wool":19,"minecraft:spruce_slab":2,"minecraft:birch_stairs":1,"minecraft:oak_slab":2,"minecraft:glass_pane":2,"minecraft:deepslate_tile_slab":1,"minecraft:dandelion":1,"minecraft:clay":7,"minecraft:crafting_table":7,"minecraft:campfire":1,"minecraft:cyan_bed":6,"minecraft:oak_planks":9,"minecraft:wall_torch":2,"minecraft:spruce_stairs":2,"minecraft:birch_planks":1,"minecraft:dark_oak_door":1,"minecraft:birch_log":14,"minecraft:spruce_log":2,"minecraft:birch_leaves":3,"minecraft:grass":5,"minecraft:coal_ore":18,"minecraft:gravel":1,"minecraft:sand":1,"minecraft:dirt":6,"minecraft:cracked_stone_bricks":1,"minecraft:stone_bricks":1,"minecraft:fern":8},"minecraft:dropped":{"minecraft:enchanted_book":1,"minecraft:iron_sword":1,"minecraft:oak_slab":1,"minecraft:wheat_seeds":3,"biomesoplenty:red_maple_sapling":1,"terramity:music_sheet_of_oceanus":1,"minecraft:deepslate_tile_slab":1,"minecraft:coal":8,"minecraft:stick":2,"terramity:music_sheet_of_storms":1,"minecraft:dirt":2,"tombstone:receptacle_of_familiar":1,"tombstone:grave_key":3,"minecraft:wooden_axe":1,"minecraft:coast_armor_trim_smithing_template":2,"tombstone:grave_dust":3,"thirst:terracotta_bowl":18,"minecraft:oak_stairs":3,"minecraft:wooden_sword":1,"minecraft:pumpkin":3,"minecraft:sand":1,"minecraft:bucket":1,"intensehorror:mothman_eyes":2,"apocalypsenow:whisky":1,"minecraft:gravel":1,"minecraft:dark_oak_door":3,"minecraft:stone_axe":1,"minecraft:kelp":1,"apocalypsenow:makeshiftfishingrod":1,"minecraft:bowl":1,"terramity:spiteful_soul":1,"minecraft:rotten_flesh":5,"minecraft:clay_ball":2,"thirst:terracotta_water_bowl":6,"naturalist:cooked_bass":1,"pointblank:gunmetal_nugget":3,"apocalypsenow:switch_knife":1,"minecraft:leather_chestplate":1,"minecraft:charcoal":16,"ecologics:coconut_husk":2,"minecraft:leather_leggings":1,"minecraft:spruce_log":1,"minecraft:spruce_slab":1,"minecraft:iron_bars":3,"minecraft:wooden_pickaxe":1,"minecraft:stone_pickaxe":2},"minecraft:crafted":{"minecraft:wooden_sword":1,"minecraft:dark_oak_boat":1,"thirst:clay_bowl":36,"minecraft:furnace":2,"naturalist:cooked_bass":3,"minecraft:dark_oak_door":3,"minecraft:iron_axe":1,"minecraft:stone_pickaxe":1,"intensehorror:book_of_horror":1,"minecraft:dark_oak_planks":56,"minecraft:wheat":99,"minecraft:coal_block":5,"minecraft:crafting_table":1,"minecraft:wooden_pickaxe":1,"minecraft:birch_planks":24,"minecraft:stone_axe":1,"minecraft:bread":39,"minecraft:air":0,"minecraft:shield":1,"minecraft:stick":16,"minecraft:iron_ingot":2,"minecraft:iron_pickaxe":1,"minecraft:wooden_axe":1,"minecraft:stone_sword":1,"exoticbirds:cooked_birdmeat":5,"minecraft:iron_leggings":1,"thirst:terracotta_bowl":36},"minecraft:killed_by":{"minecraft:drowned":3,"minecraft:zombie":1},"minecraft:killed":{"exoticbirds:pelican":3,"intensehorror:severed_hand":1,"naturalist:bass":5,"minecraft:drowned":2,"intensehorror:mothman":1,"minecraft:zombie":2},"minecraft:custom":{"minecraft:interact_with_anvil":1,"minecraft:mob_kills":14,"minecraft:interact_with_crafting_table":16,"minecraft:open_barrel":71,"minecraft:bell_ring":1,"minecraft:eat_cake_slice":3,"minecraft:leave_game":4,"minecraft:time_since_death":49385,"minecraft:climb_one_cm":4838,"minecraft:damage_resisted":84,"minecraft:sprint_one_cm":387608,"minecraft:walk_one_cm":233823,"minecraft:drop":60,"minecraft:talked_to_villager":28,"minecraft:play_time":181474,"minecraft:sneak_time":2432,"minecraft:deaths":7,"minecraft:walk_under_water_one_cm":40554,"minecraft:boat_one_cm":503765,"minecraft:interact_with_brewingstand":1,"minecraft:jump":1645,"minecraft:walk_on_water_one_cm":45713,"minecraft:total_world_time":181474,"minecraft:interact_with_furnace":28,"minecraft:play_record":1,"minecraft:traded_with_villager":1,"minecraft:interact_with_grindstone":2,"minecraft:sleep_in_bed":7,"minecraft:time_since_rest":9312,"minecraft:damage_taken":2632,"minecraft:damage_absorbed":293,"minecraft:damage_dealt":2589,"tombstone:cast_on_ally":0,"minecraft:swim_one_cm":50355,"minecraft:fly_one_cm":317580,"minecraft:open_chest":112,"minecraft:crouch_one_cm":2479,"tombstone:undead_killed":4,"minecraft:fall_one_cm":41163},"minecraft:used":{"minecraft:stone_sword":22,"minecraft:iron_shovel":2,"minecraft:spruce_planks":1,"minecraft:iron_sword":11,"minecraft:dirt":5,"apocalypsenow:simple_machete":17,"naturalist:cooked_bass":2,"apocalypsenow:makeshiftfishingrod":2,"minecraft:dark_oak_planks":35,"minecraft:wooden_axe":5,"minecraft:iron_axe":27,"minecraft:birch_sapling":1,"apocalypsenow:harpoon":59,"minecraft:dark_oak_boat":5,"minecraft:furnace":3,"tombstone:gift":2,"minecraft:cooked_beef":2,"naturalist:bass":2,"minecraft:water_bucket":20,"tombstone:scroll_of_knowledge":1,"minecraft:stone_pickaxe":34,"minecraft:wooden_pickaxe":20,"tombstone:scroll_of_true_sight":1,"minecraft:crafting_table":7,"minecraft:dark_oak_door":1,"thirst:terracotta_water_bowl":33,"minecraft:bread":28,"minecraft:cyan_bed":4,"minecraft:iron_pickaxe":31,"apocalypsenow:nutrition_bar":1,"minecraft:music_disc_blocks":1,"ecologics:coconut_slice":2,"minecraft:stone_axe":29,"minecraft:wooden_sword":17,"minecraft:cobblestone":15,"minecraft:bucket":19,"minecraft:birch_log":3}},"DataVersion":3465}