{"stats":{"minecraft:picked_up":{"minecraft:birch_log":13,"minecraft:crafting_table":2,"ecologics:coconut_slice":2,"minecraft:dandelion":1,"pointblank:gunmetal_nugget":3,"tombstone:grave_dust":2,"minecraft:dark_oak_log":14,"minecraft:dirt":7,"minecraft:dark_oak_planks":2,"minecraft:rotten_flesh":3,"minecraft:birch_sapling":1},"minecraft:used":{"minecraft:dark_oak_planks":5,"minecraft:wooden_axe":4,"minecraft:birch_sapling":1,"ecologics:coconut_slice":2,"minecraft:wooden_sword":17,"minecraft:dirt":5,"minecraft:dark_oak_boat":1,"minecraft:crafting_table":2,"minecraft:birch_log":3,"tombstone:gift":2},"minecraft:custom":{"minecraft:time_since_rest":17495,"minecraft:sprint_one_cm":46474,"minecraft:walk_one_cm":16146,"minecraft:damage_taken":813,"minecraft:damage_absorbed":157,"minecraft:mob_kills":2,"minecraft:drop":11,"minecraft:damage_dealt":456,"minecraft:interact_with_crafting_table":2,"minecraft:swim_one_cm":5378,"minecraft:fly_one_cm":79686,"minecraft:crouch_one_cm":119,"minecraft:play_time":32927,"tombstone:undead_killed":2,"minecraft:deaths":3,"minecraft:sneak_time":594,"minecraft:walk_under_water_one_cm":360,"minecraft:boat_one_cm":29018,"minecraft:jump":379,"minecraft:leave_game":3,"minecraft:time_since_death":18245,"minecraft:walk_on_water_one_cm":2438,"minecraft:total_world_time":32927,"minecraft:fall_one_cm":11804},"minecraft:crafted":{"minecraft:wooden_sword":1,"minecraft:dark_oak_boat":1,"minecraft:crafting_table":1,"minecraft:stick":12,"minecraft:wooden_pickaxe":1,"minecraft:wooden_axe":1,"minecraft:dark_oak_planks":56,"minecraft:birch_planks":24},"minecraft:killed_by":{"minecraft:drowned":2,"minecraft:zombie":1},"minecraft:dropped":{"minecraft:dirt":2,"tombstone:grave_key":3,"ecologics:coconut_husk":2,"tombstone:grave_dust":3,"minecraft:rotten_flesh":3,"pointblank:gunmetal_nugget":3},"minecraft:mined":{"minecraft:dark_oak_planks":2,"minecraft:birch_log":14,"minecraft:dark_oak_log":14,"minecraft:birch_leaves":3,"minecraft:dandelion":1,"minecraft:crafting_table":2,"minecraft:grass":1,"minecraft:grass_block":2,"minecraft:dirt":5},"minecraft:killed":{"minecraft:zombie":2}},"DataVersion":3465}