{"stats":{"minecraft:picked_up":{"minecraft:birch_log":13,"minecraft:dandelion":1,"minecraft:dark_oak_log":14,"minecraft:birch_sapling":1,"minecraft:dirt":7},"minecraft:used":{"minecraft:dirt":5,"minecraft:crafting_table":1,"minecraft:birch_sapling":1,"minecraft:birch_log":3,"tombstone:gift":2},"minecraft:custom":{"minecraft:time_since_rest":5495,"minecraft:deaths":3,"minecraft:sprint_one_cm":34064,"minecraft:play_time":20927,"minecraft:damage_absorbed":157,"minecraft:damage_taken":663,"minecraft:walk_one_cm":11320,"minecraft:walk_under_water_one_cm":360,"minecraft:drop":6,"minecraft:jump":235,"minecraft:leave_game":3,"minecraft:walk_on_water_one_cm":1514,"minecraft:time_since_death":6245,"minecraft:total_world_time":20927,"minecraft:swim_one_cm":5378,"minecraft:interact_with_crafting_table":1,"minecraft:fall_one_cm":9176,"minecraft:fly_one_cm":41267},"minecraft:crafted":{"minecraft:dark_oak_planks":56,"minecraft:birch_planks":24,"minecraft:crafting_table":1,"minecraft:stick":12},"minecraft:killed_by":{"minecraft:zombie":1,"minecraft:drowned":2},"minecraft:mined":{"minecraft:grass":1,"minecraft:grass_block":2,"minecraft:dirt":5,"minecraft:birch_log":14,"minecraft:dark_oak_log":14,"minecraft:birch_leaves":3,"minecraft:dandelion":1},"minecraft:dropped":{"tombstone:grave_dust":1,"minecraft:dirt":2,"tombstone:grave_key":3}},"DataVersion":3465}