{"stats":{"minecraft:picked_up":{"minecraft:birch_log":9,"minecraft:dandelion":1,"minecraft:dirt":3},"minecraft:used":{"minecraft:dirt":1,"minecraft:birch_log":3},"minecraft:custom":{"minecraft:time_since_rest":8927,"minecraft:sprint_one_cm":19440,"minecraft:play_time":8927,"minecraft:damage_taken":230,"minecraft:walk_one_cm":4821,"minecraft:walk_under_water_one_cm":60,"minecraft:jump":137,"minecraft:leave_game":3,"minecraft:walk_on_water_one_cm":830,"minecraft:time_since_death":8927,"minecraft:total_world_time":8927,"minecraft:swim_one_cm":1852,"minecraft:fall_one_cm":5869,"minecraft:fly_one_cm":15270},"minecraft:crafted":{"minecraft:birch_planks":24},"minecraft:mined":{"minecraft:grass_block":1,"minecraft:dirt":2,"minecraft:birch_log":9,"minecraft:birch_leaves":1,"minecraft:dandelion":1}},"DataVersion":3465}