{"stats":{"minecraft:picked_up":{"minecraft:birch_log":13,"minecraft:crafting_table":3,"minecraft:clay_ball":28,"ecologics:coconut_slice":2,"minecraft:dark_oak_boat":1,"minecraft:dandelion":1,"minecraft:gravel":1,"minecraft:sand":1,"pointblank:gunmetal_nugget":3,"tombstone:grave_dust":2,"minecraft:dark_oak_log":14,"minecraft:dirt":7,"minecraft:dark_oak_planks":2,"minecraft:rotten_flesh":3,"minecraft:birch_sapling":1,"minecraft:coal":18,"minecraft:cobblestone":24},"minecraft:used":{"minecraft:dark_oak_planks":5,"minecraft:wooden_axe":5,"minecraft:stone_pickaxe":22,"minecraft:birch_sapling":1,"minecraft:wooden_pickaxe":20,"ecologics:coconut_slice":2,"minecraft:wooden_sword":17,"minecraft:dirt":5,"minecraft:dark_oak_boat":1,"minecraft:crafting_table":3,"minecraft:furnace":2,"minecraft:birch_log":3,"tombstone:gift":2},"minecraft:custom":{"minecraft:time_since_rest":29495,"minecraft:interact_with_furnace":3,"minecraft:sprint_one_cm":52545,"minecraft:walk_one_cm":28668,"minecraft:damage_taken":853,"minecraft:damage_absorbed":157,"minecraft:mob_kills":2,"minecraft:drop":16,"minecraft:damage_dealt":456,"minecraft:interact_with_crafting_table":5,"minecraft:swim_one_cm":8394,"minecraft:fly_one_cm":87696,"minecraft:crouch_one_cm":138,"minecraft:play_time":44927,"tombstone:undead_killed":2,"minecraft:deaths":3,"minecraft:sneak_time":637,"minecraft:walk_under_water_one_cm":7451,"minecraft:boat_one_cm":47349,"minecraft:jump":457,"minecraft:leave_game":3,"minecraft:time_since_death":30245,"minecraft:walk_on_water_one_cm":9176,"minecraft:total_world_time":44927,"minecraft:fall_one_cm":13357},"minecraft:crafted":{"minecraft:wooden_sword":1,"thirst:clay_bowl":36,"minecraft:dark_oak_boat":1,"minecraft:crafting_table":1,"minecraft:stick":16,"minecraft:furnace":2,"minecraft:wooden_pickaxe":1,"minecraft:stone_pickaxe":1,"minecraft:wooden_axe":1,"minecraft:stone_sword":1,"minecraft:dark_oak_planks":56,"minecraft:birch_planks":24,"minecraft:stone_axe":1},"minecraft:killed_by":{"minecraft:drowned":2,"minecraft:zombie":1},"minecraft:dropped":{"minecraft:gravel":1,"minecraft:dirt":2,"minecraft:wooden_axe":1,"tombstone:grave_key":3,"ecologics:coconut_husk":2,"tombstone:grave_dust":3,"minecraft:rotten_flesh":3,"minecraft:clay_ball":1,"minecraft:wooden_sword":1,"minecraft:wooden_pickaxe":1,"pointblank:gunmetal_nugget":3},"minecraft:mined":{"minecraft:dark_oak_planks":2,"minecraft:birch_log":14,"minecraft:dark_oak_log":14,"minecraft:birch_leaves":3,"minecraft:dandelion":1,"minecraft:clay":7,"minecraft:crafting_table":3,"minecraft:grass":1,"minecraft:grass_block":2,"minecraft:coal_ore":18,"minecraft:sand":1,"minecraft:gravel":1,"minecraft:dirt":5,"minecraft:stone":24},"minecraft:killed":{"minecraft:zombie":2}},"DataVersion":3465}